model,model_label,parameters_billion,layers,hidden_size,attention_heads,cache_heads,head_dim,mean_reference_tokens_per_s,mean_simulated_tokens_per_s,mean_abs_relative_error_pct,max_abs_relative_error_pct,worst_platform
opt_6_7b,OPT-6.7B,6.700000,32,4096,32,32,128,16.966667,14.951503,8.159112,14.288764,cam_llm_l
opt_13b,OPT-13B,13.000000,40,5120,40,40,128,6.933333,7.725648,8.696361,12.927444,cam_llm_l
opt_30b,OPT-30B,30.000000,48,7168,56,56,128,3.633333,3.286958,6.234720,11.240176,cam_llm_l
opt_66b,OPT-66B,66.000000,64,9216,72,72,128,1.400000,1.418842,11.089833,12.414587,cam_llm_s
llama2_7b,LLaMA2-7B,6.740000,32,4096,32,32,128,16.000000,14.844670,4.690912,9.194188,cam_llm_l
llama2_13b,LLaMA2-13B,13.000000,40,5120,40,40,128,6.866667,7.725648,9.234111,14.540694,cam_llm_l
llama2_70b,LLaMA2-70B,69.000000,80,8192,64,8,128,1.566667,1.431745,10.373105,14.302234,cam_llm_l
